{
  "iou_thresh": 0.5,
  "num_images": 109,
  "continue": {
    "tp": 163,
    "pred": 255,
    "gt": 188,
    "precision": 0.6392156862745098,
    "recall": 0.8670212765957447,
    "hmean": 0.7358916478555303
  },
  "from_pretrained": {
    "tp": 146,
    "pred": 219,
    "gt": 188,
    "precision": 0.6666666666666666,
    "recall": 0.776595744680851,
    "hmean": 0.7174447174447175
  }
}