{
  "iou_thresh": 0.5,
  "continue_v2": {
    "gt": 75,
    "pred": 73,
    "tp": 59,
    "fp": 14,
    "fn": 16,
    "precision": 0.8082191780821918,
    "recall": 0.7866666666666666,
    "hmean": 0.7972972972972971
  },
  "from_pretrained": {
    "gt": 75,
    "pred": 50,
    "tp": 37,
    "fp": 13,
    "fn": 38,
    "precision": 0.74,
    "recall": 0.49333333333333335,
    "hmean": 0.592
  }
}