model,gt,pred,tp,fp,fn,precision,recall,f1,fp_image_rate,fp_boxes_per_image,clean_fp_rate,clean_fp_boxes_per_image,positive_no_pred_rate
YOLO11m OBB,188,260,171,89,17,0.6576923076923077,0.9095744680851063,0.7633928571428571,0.3656716417910448,0.664179104477612,0.64,0.84,0.0
PP-OCRv6 continue,188,264,163,101,25,0.6174242424242424,0.8670212765957447,0.7212389380530975,0.373134328358209,0.753731343283582,0.24,0.36,0.009174311926605505
PP-OCRv6 pretrained,188,237,146,91,42,0.6160337552742616,0.776595744680851,0.6870588235294117,0.373134328358209,0.6791044776119403,0.52,0.72,0.009174311926605505
