{
  "iou_thresh": 0.5,
  "continue_v2": {
    "gt": 68,
    "pred": 74,
    "tp": 31,
    "fp": 43,
    "fn": 37,
    "precision": 0.4189189189189189,
    "recall": 0.45588235294117646,
    "hmean": 0.4366197183098592
  },
  "from_pretrained": {
    "gt": 68,
    "pred": 62,
    "tp": 12,
    "fp": 50,
    "fn": 56,
    "precision": 0.1935483870967742,
    "recall": 0.17647058823529413,
    "hmean": 0.18461538461538463
  }
}